金明精机,2011年年度报告.pdf,4
金明精机,2012年年度报告.pdf,4
金明精机,2013年年度报告.pdf,3
金明精机,2014年年度报告.pdf,4
金明精机,2015年年度报告.pdf,51
金明精机,2016年年度报告.pdf,62
金明精机,2017年年度报告.pdf,41
金明精机,2018年年度报告.pdf,27
金明精机,2019年年度报告.pdf,32
金明精机,2020年年度报告.pdf,34
紫天科技,2011年年度报告.pdf,3
紫天科技,2012年年度报告.pdf,3
紫天科技,2013年年度报告.pdf,5
紫天科技,2014年年度报告.pdf,5
紫天科技,2015年年度报告.pdf,2
紫天科技,2016年年度报告.pdf,6
紫天科技,2017年年度报告.pdf,6
紫天科技,2018年年度报告.pdf,6
紫天科技,2019年年度报告.pdf,3
紫天科技,2020年年度报告（已取消）.pdf,8
紫天科技,2020年年度报告（更新后）.pdf,8
三盛教育,2011年年度报告（已取消）.pdf,0
三盛教育,2011年年度报告（更新后）.pdf,0
三盛教育,2012年年度报告.pdf,0
三盛教育,2013年年度报告.pdf,2
三盛教育,2014年年度报告.pdf,6
三盛教育,2015年年度报告.pdf,4
三盛教育,2016年年度报告.pdf,14
三盛教育,2017年年度报告.pdf,21
三盛教育,2018年年度报告.pdf,24
三盛教育,2019年年度报告.pdf,11
三盛教育,2020年年度报告.pdf,17
和晶科技,2011年年度报告.pdf,28
和晶科技,2012年年度报告.pdf,38
和晶科技,2013年年度报告.pdf,29
和晶科技,2014年年度报告.pdf,63
和晶科技,2015年年度报告.pdf,58
和晶科技,2016年年度报告（已取消）.pdf,68
和晶科技,2016年年度报告（更新后）.pdf,68
和晶科技,2017年年度报告.pdf,64
和晶科技,2018年年度报告（已取消）.pdf,79
和晶科技,2018年年度报告（更新后）.pdf,78
和晶科技,2019年年度报告.pdf,63
和晶科技,2020年年度报告.pdf,66
卫星化学,2011年年度报告.pdf,0
卫星化学,2012年年度报告.pdf,0
卫星化学,2013年年度报告.pdf,0
卫星化学,2014年年度报告.pdf,2
卫星化学,2015年年度报告.pdf,1
卫星化学,2016年年度报告.pdf,0
卫星化学,2017年年度报告.pdf,0
卫星化学,2018年年度报告.pdf,0
卫星化学,2019年年度报告（已取消）.pdf,0
卫星化学,2019年年度报告（更新后）.pdf,0
卫星化学,2020年年度报告.pdf,0
佛慈制药,2011年年度报告.pdf,0
佛慈制药,2012年年度报告.pdf,0
佛慈制药,2013年年度报告.pdf,0
佛慈制药,2014年年度报告.pdf,0
佛慈制药,2015年年度报告.pdf,0
佛慈制药,2016年年度报告.pdf,0
佛慈制药,2017年年度报告.pdf,2
佛慈制药,2018年年度报告.pdf,2
佛慈制药,2019年年度报告.pdf,2
佛慈制药,2020年年度报告.pdf,1
青青稞酒,2011年年度报告.pdf,1
青青稞酒,2012年年度报告.pdf,1
青青稞酒,2013年年度报告.pdf,1
青青稞酒,2014年年度报告.pdf,2
青青稞酒,2015年年度报告.pdf,2
青青稞酒,2016年年度报告.pdf,4
青青稞酒,2017年年度报告.pdf,2
青青稞酒,2018年年度报告.pdf,2
青青稞酒,2019年年度报告（已取消）.pdf,5
青青稞酒,2019年年度报告（更新后）.pdf,5
青青稞酒,2020年年度报告.pdf,5
万润股份,2011年年度报告（已取消）.pdf,0
万润股份,2011年年度报告（更新后）.pdf,0
万润股份,2012年年度报告.pdf,0
万润股份,2013年年度报告.pdf,0
万润股份,2014年年度报告.pdf,0
万润股份,2015年年度报告.pdf,0
万润股份,2016年年度报告.pdf,0
万润股份,2017年年度报告.pdf,0
万润股份,2018年年度报告.pdf,0
万润股份,2019年年度报告.pdf,0
万润股份,2020年年度报告.pdf,0
华宏科技,2011年年度报告.pdf,0
华宏科技,2012年年度报告.pdf,1
华宏科技,2013年年度报告.pdf,2
华宏科技,2014年年度报告.pdf,2
华宏科技,2015年年度报告.pdf,3
华宏科技,2016年年度报告.pdf,3
华宏科技,2017年年度报告（已取消）.pdf,2
华宏科技,2017年年度报告（更新后）.pdf,2
华宏科技,2018年年度报告.pdf,4
华宏科技,2019年年度报告.pdf,6
华宏科技,2020年年度报告.pdf,9
永高股份,2011年年度报告.pdf,1
永高股份,2012年年度报告.pdf,0
永高股份,2013年年度报告.pdf,1
永高股份,2014年年度报告.pdf,2
永高股份,2015年年度报告.pdf,0
永高股份,2016年年度报告.pdf,3
永高股份,2017年年度报告.pdf,10
永高股份,2018年年度报告.pdf,9
永高股份,2019年年度报告.pdf,6
永高股份,2020年年度报告.pdf,8
棒杰股份,2011年年度报告.pdf,0
棒杰股份,2012年年度报告.pdf,0
棒杰股份,2013年年度报告.pdf,0
棒杰股份,2014年年度报告.pdf,0
棒杰股份,2015年年度报告.pdf,2
棒杰股份,2016年年度报告.pdf,1
棒杰股份,2017年年度报告.pdf,3
棒杰股份,2018年年度报告.pdf,4
棒杰股份,2019年年度报告.pdf,7
棒杰股份,2020年年度报告.pdf,7
雪人股份,2011年年度报告.pdf,0
雪人股份,2012年年度报告.pdf,0
雪人股份,2013年年度报告.pdf,0
雪人股份,2014年年度报告.pdf,1
雪人股份,2015年年度报告.pdf,1
雪人股份,2016年年度报告.pdf,2
雪人股份,2017年年度报告.pdf,5
雪人股份,2018年年度报告.pdf,4
雪人股份,2019年年度报告.pdf,4
雪人股份,2020年年度报告.pdf,2
凤凰传媒,2011年年度报告.pdf,0
凤凰传媒,2012年年度报告.pdf,0
凤凰传媒,2013年年度报告.pdf,4
凤凰传媒,2014年年度报告.pdf,9
凤凰传媒,2015年年度报告.pdf,6
凤凰传媒,2016年年度报告.pdf,9
凤凰传媒,2017年年度报告.pdf,5
凤凰传媒,2018年年度报告.pdf,11
凤凰传媒,2019年年度报告.pdf,4
凤凰传媒,凤凰传媒2020年年度报告.pdf,7
安洁科技,2011年年度报告（已取消）.pdf,-1
安洁科技,2011年年度报告（更新后）.pdf,2
安洁科技,2012年年度报告.pdf,-1
安洁科技,2013年年度报告.pdf,4
安洁科技,2014年年度报告.pdf,1
安洁科技,2015年年度报告.pdf,7
安洁科技,2016年年度报告.pdf,3
安洁科技,2017年年度报告（已取消）.pdf,4
安洁科技,2017年年度报告（更新后）.pdf,4
安洁科技,2018年年度报告.pdf,4
安洁科技,2019年年度报告.pdf,16
安洁科技,2020年年度报告.pdf,31
金安国纪,2011年年度报告.pdf,0
金安国纪,2012年年度报告.pdf,0
金安国纪,2013年年度报告.pdf,0
金安国纪,2014年年度报告.pdf,0
金安国纪,2015年年度报告.pdf,0
金安国纪,2016年年度报告.pdf,5
金安国纪,2017年年度报告.pdf,8
金安国纪,2018年年度报告.pdf,5
金安国纪,2019年年度报告.pdf,10
金安国纪,2020年年度报告.pdf,3
勤上股份,2011年年度报告.pdf,3
勤上股份,2012年年度报告.pdf,5
勤上股份,2013年年度报告.pdf,4
勤上股份,2014年年度报告.pdf,3
勤上股份,2015年年度报告.pdf,13
勤上股份,2016年年度报告.pdf,4
勤上股份,2017年年度报告（已取消）.pdf,5
勤上股份,2017年年度报告（更新后）.pdf,5
勤上股份,2018年年度报告.pdf,6
勤上股份,2019年年度报告.pdf,10
勤上股份,2020年年度报告.pdf,12
勤上股份,关于更正2017年年度报告及相关公告的公告.pdf,0
赞宇科技,2011年年度报告.pdf,0
赞宇科技,2012年年度报告.pdf,0
赞宇科技,2013年年度报告.pdf,-1
赞宇科技,2014年年度报告.pdf,-1
赞宇科技,2015年年度报告.pdf,-1
赞宇科技,2016年年度报告.pdf,-1
赞宇科技,2017年年度报告.pdf,-1
赞宇科技,2018年年度报告.pdf,0
赞宇科技,2019年年度报告.pdf,0
赞宇科技,2020年年度报告.pdf,3
申科股份,2011年年度报告.pdf,0
申科股份,2012年年度报告.pdf,0
申科股份,2013年年度报告.pdf,0
申科股份,2014年年度报告.pdf,0
申科股份,2015年年度报告（已取消）.pdf,0
申科股份,2015年年度报告（更新后）.pdf,0
申科股份,2016年年度报告.pdf,0
申科股份,2017年年度报告.pdf,0
申科股份,2018年年度报告.pdf,4
申科股份,2019年年度报告.pdf,2
申科股份,2020年年度报告.pdf,4
道明光学,2011年年度报告.pdf,0
道明光学,2012年年度报告.pdf,0
道明光学,2013年年度报告.pdf,0
道明光学,2014年年度报告.pdf,1
道明光学,2015年年度报告.pdf,2
道明光学,2016年年度报告.pdf,0
道明光学,2017年年度报告（已取消）.pdf,2
道明光学,2017年年度报告（更新后）.pdf,2
道明光学,2018年年度报告.pdf,3
道明光学,2019年年度报告.pdf,4
道明光学,2020年年度报告.pdf,6
三丰智能,2011年年度报告.pdf,12
三丰智能,2012年年度报告.pdf,8
三丰智能,2013年年度报告.pdf,8
三丰智能,2014年年度报告.pdf,9
三丰智能,2015年年度报告.pdf,9
三丰智能,2016年年度报告.pdf,11
三丰智能,2017年年度报告.pdf,8
三丰智能,2018年年度报告.pdf,14
三丰智能,2019年年度报告.pdf,33
三丰智能,2020年年度报告.pdf,42
德尔未来,2011年年度报告.pdf,0
德尔未来,2012年年度报告.pdf,0
德尔未来,2013年年度报告.pdf,0
德尔未来,2014年年度报告.pdf,4
德尔未来,2015年年度报告.pdf,8
德尔未来,2016年年度报告.pdf,6
德尔未来,2017年年度报告.pdf,3
德尔未来,2018年年度报告.pdf,3
德尔未来,2019年年度报告.pdf,2
德尔未来,2020年年度报告.pdf,2
华西能源,2011年年度报告.pdf,0
华西能源,2012年年度报告（已取消）.pdf,0
华西能源,2012年年度报告（更新后）.pdf,0
华西能源,2013年年度报告.pdf,0
华西能源,2014年年度报告（已取消）.pdf,6
华西能源,2014年年度报告（更新后）.pdf,6
华西能源,2015年年度报告.pdf,6
华西能源,2016年年度报告.pdf,6
华西能源,2017年年度报告.pdf,7
华西能源,2018年年度报告.pdf,7
华西能源,2019年年度报告（已取消）.pdf,5
华西能源,2019年年度报告（更新后）.pdf,5
华西能源,2020年年度报告.pdf,4
玉龙股份,2011年年度报告.pdf,0
玉龙股份,2012年年度报告.pdf,0
玉龙股份,2013年年度报告.pdf,0
玉龙股份,2014年年度报告.pdf,0
玉龙股份,2015年年度报告.pdf,0
玉龙股份,2016年年度报告.pdf,0
玉龙股份,2017年年度报告.pdf,0
玉龙股份,2018年年度报告.pdf,0
玉龙股份,2019年年度报告.pdf,0
玉龙股份,山东玉龙黄金股份有限公司2020年年度报告全文.pdf,2
光启技术,2011年年度报告.pdf,1
光启技术,2012年年度报告.pdf,1
光启技术,2013年年度报告.pdf,0
光启技术,2014年年度报告.pdf,1
光启技术,2015年年度报告.pdf,3
光启技术,2016年年度报告.pdf,3
光启技术,2017年年度报告.pdf,12
光启技术,2018年年度报告.pdf,16
光启技术,2019年年度报告.pdf,18
光启技术,2020年年度报告.pdf,12
开能健康,2011年年度报告.pdf,10
开能健康,2012年年度报告.pdf,11
开能健康,2013年年度报告.pdf,12
开能健康,2014年年度报告.pdf,13
开能健康,2015年年度报告.pdf,7
开能健康,2016年年度报告.pdf,7
开能健康,2017年年度报告.pdf,10
开能健康,2018年年度报告.pdf,11
开能健康,2019年年度报告.pdf,14
开能健康,2020年年度报告.pdf,19
阳光电源,2011年年度报告.pdf,1
阳光电源,2012年年度报告.pdf,1
阳光电源,2013年年度报告.pdf,0
阳光电源,2014年年度报告.pdf,0
阳光电源,2015年年度报告.pdf,3
阳光电源,2016年年度报告.pdf,3
阳光电源,2017年年度报告.pdf,12
阳光电源,2018年年度报告.pdf,10
阳光电源,2019年年度报告.pdf,11
阳光电源,2020年年度报告.pdf,6
金达威,2011年年度报告.pdf,0
金达威,2012年年度报告.pdf,0
金达威,2013年年度报告.pdf,0
金达威,2014年年度报告.pdf,0
金达威,2015年年度报告.pdf,0
金达威,2016年年度报告.pdf,0
金达威,2017年年度报告（已取消）.pdf,0
金达威,2017年年度报告（更新后）.pdf,0
金达威,2018年年度报告（已取消）.pdf,0
金达威,2018年年度报告（更新后）.pdf,0
金达威,2019年年度报告.pdf,0
金达威,2020年年度报告.pdf,1
恒立液压,2011年年度报告.pdf,0
恒立液压,2012年年度报告.pdf,0
恒立液压,2013年年度报告.pdf,0
恒立液压,2014年年度报告.pdf,0
恒立液压,2015年年度报告.pdf,2
恒立液压,2016年年度报告.pdf,3
恒立液压,2017年年度报告.pdf,5
恒立液压,2018年年度报告.pdf,6
恒立液压,2019年年度报告.pdf,7
恒立液压,江苏恒立液压股份有限公司2020年年度报告.pdf,7
和佳医疗,2011年年度报告.pdf,0
和佳医疗,2012年年度报告.pdf,0
和佳医疗,2013年年度报告.pdf,0
和佳医疗,2014年年度报告.pdf,1
和佳医疗,2015年年度报告.pdf,1
和佳医疗,2016年年度报告.pdf,9
和佳医疗,2017年年度报告.pdf,11
和佳医疗,2018年年度报告.pdf,21
和佳医疗,2019年年度报告.pdf,11
和佳医疗,2020年年度报告.pdf,5
融钰集团,2011年年度报告.pdf,1
融钰集团,2012年年度报告.pdf,1
融钰集团,2013年年度报告.pdf,0
融钰集团,2014年年度报告.pdf,1
融钰集团,2015年年度报告.pdf,5
融钰集团,2016年年度报告.pdf,25
融钰集团,2017年年度报告.pdf,36
融钰集团,2018年年度报告.pdf,30
融钰集团,2019年年度报告.pdf,35
融钰集团,2020年年度报告.pdf,36
中国电建,2011年年度报告.pdf,0
中国电建,2012年年度报告.pdf,0
中国电建,2013年年度报告.pdf,0
中国电建,2014年年度报告.pdf,0
中国电建,2015年年度报告.pdf,0
中国电建,2016年年度报告.pdf,2
中国电建,2017年年度报告.pdf,1
中国电建,2018年年度报告.pdf,0
中国电建,2019年年度报告.pdf,1
中国电建,中国电力建设股份有限公司2020年年度报告.pdf,3
亚玛顿,2011年年度报告.pdf,0
亚玛顿,2012年年度报告.pdf,0
亚玛顿,2013年年度报告.pdf,0
亚玛顿,2014年年度报告.pdf,2
亚玛顿,2015年年度报告.pdf,1
亚玛顿,2016年年度报告.pdf,1
亚玛顿,2017年年度报告.pdf,3
亚玛顿,2018年年度报告.pdf,6
亚玛顿,2019年年度报告.pdf,7
亚玛顿,2020年年度报告.pdf,6
中威电子,2011年年度报告.pdf,8
中威电子,2012年年度报告.pdf,14
中威电子,2013年年度报告.pdf,19
中威电子,2014年年度报告.pdf,17
中威电子,2015年年度报告.pdf,14
中威电子,2016年年度报告（已取消）.pdf,23
中威电子,2016年年度报告（更新后）.pdf,31
中威电子,2017年年度报告.pdf,39
中威电子,2018年年度报告.pdf,50
中威电子,2019年年度报告（已取消）.pdf,86
中威电子,2019年年度报告（更新后）.pdf,86
中威电子,2020年年度报告.pdf,75
美吉姆,2011年年度报告.pdf,0
美吉姆,2012年年度报告.pdf,0
美吉姆,2013年年度报告.pdf,0
美吉姆,2014年年度报告.pdf,9
美吉姆,2015年年度报告.pdf,5
美吉姆,2016年年度报告.pdf,1
美吉姆,2017年年度报告（已取消）.pdf,0
美吉姆,2017年年度报告（更新后）.pdf,0
美吉姆,2018年年度报告（已取消）.pdf,0
美吉姆,2018年年度报告（更新后）.pdf,0
美吉姆,2019年年度报告.pdf,0
美吉姆,2020年年度报告.pdf,0
丰林集团,2011年年度报告.pdf,0
丰林集团,2012年年度报告.pdf,0
丰林集团,2013年年度报告.pdf,0
丰林集团,2014年年度报告.pdf,1
丰林集团,2015年年度报告.pdf,0
丰林集团,2016年年度报告.pdf,3
丰林集团,2017年年度报告.pdf,5
丰林集团,2018年年度报告.pdf,9
丰林集团,2019年年度报告.pdf,11
丰林集团,广西丰林木业集团股份有限公司2020年年度报告全文.pdf,19
瑞和股份,2011年年度报告.pdf,3
瑞和股份,2012年年度报告.pdf,1
瑞和股份,2013年年度报告.pdf,2
瑞和股份,2014年年度报告.pdf,2
瑞和股份,2015年年度报告.pdf,3
瑞和股份,2016年年度报告.pdf,4
瑞和股份,2017年年度报告（已取消）.pdf,11
瑞和股份,2017年年度报告（更新后）.pdf,11
瑞和股份,2018年年度报告.pdf,5
瑞和股份,2019年年度报告.pdf,4
瑞和股份,2020年年度报告.pdf,5
长城汽车,2011年年度报告.pdf,0
长城汽车,2012年年度报告.pdf,-1
长城汽车,2013年年度报告(修订版).pdf,0
长城汽车,2013年年度报告.pdf,0
长城汽车,2014年年度报告.pdf,1
长城汽车,2015年年度报告.pdf,5
长城汽车,2016年年度报告.pdf,7
长城汽车,2017年年度报告.pdf,6
长城汽车,2018年年度报告.pdf,22
长城汽车,2019年年度报告.pdf,26
长城汽车,长城汽车股份有限公司2020年年度报告.pdf,20
尔康制药,2011年年度报告.pdf,0
尔康制药,2012年年度报告.pdf,0
尔康制药,2013年年度报告.pdf,0
尔康制药,2014年年度报告.pdf,0
尔康制药,2015年年度报告.pdf,0
尔康制药,2016年年度报告.pdf,0
尔康制药,2017年年度报告.pdf,0
尔康制药,2018年年度报告.pdf,0
尔康制药,2019年年度报告.pdf,0
尔康制药,2020年年度报告.pdf,0
兴源环境,2011年年度报告.pdf,1
兴源环境,2012年年度报告.pdf,2
兴源环境,2013年年度报告.pdf,2
兴源环境,2014年年度报告.pdf,2
兴源环境,2015年年度报告.pdf,2
兴源环境,2016年年度报告.pdf,2
兴源环境,2017年年度报告.pdf,16
兴源环境,2018年年度报告（已取消）.pdf,12
兴源环境,2018年年度报告（更新后）.pdf,12
兴源环境,2019年年度报告.pdf,19
兴源环境,2020年年度报告（已取消）.pdf,12
兴源环境,2020年年度报告（更新后）.pdf,12
露笑科技,2011年年度报告.pdf,0
露笑科技,2012年年度报告（已取消）.pdf,0
露笑科技,2012年年度报告（更新后）.pdf,0
露笑科技,2013年年度报告.pdf,0
露笑科技,2014年年度报告.pdf,0
露笑科技,2015年年度报告.pdf,3
露笑科技,2016年年度报告（已取消）.pdf,3
露笑科技,2016年年度报告（更新后）.pdf,3
露笑科技,2017年年度报告.pdf,2
露笑科技,2018年年度报告.pdf,3
露笑科技,2019年年度报告.pdf,3
露笑科技,2020年年度报告.pdf,1
长青集团,2011年年度报告.pdf,1
长青集团,2012年年度报告.pdf,0
长青集团,2013年年度报告.pdf,0
长青集团,2014年年度报告.pdf,1
长青集团,2015年年度报告（已取消）.pdf,4
长青集团,2015年年度报告（更新后）.pdf,4
长青集团,2016年年度报告.pdf,3
长青集团,2017年年度报告.pdf,1
长青集团,2018年年度报告.pdf,1
长青集团,2019年年度报告.pdf,3
长青集团,2020年年度报告.pdf,3
巴安水务,2011年年度报告.pdf,2
巴安水务,2012年年度报告.pdf,0
巴安水务,2013年年度报告.pdf,0
巴安水务,2014年年度报告.pdf,1
巴安水务,2015年年度报告.pdf,3
巴安水务,2016年年度报告.pdf,3
巴安水务,2017年年度报告（已取消）.pdf,4
巴安水务,2017年年度报告（更新后）.pdf,4
巴安水务,2018年年度报告.pdf,3
巴安水务,2019年年度报告.pdf,5
巴安水务,2020年年度报告（已取消）.pdf,6
巴安水务,2020年年度报告（更新后）.pdf,6
通光线缆,2011年年度报告.pdf,2
通光线缆,2012年年度报告.pdf,5
通光线缆,2013年年度报告.pdf,1
通光线缆,2014年年度报告.pdf,0
通光线缆,2015年年度报告.pdf,0
通光线缆,2016年年度报告.pdf,1
通光线缆,2017年年度报告.pdf,4
通光线缆,2018年年度报告.pdf,5
通光线缆,2019年年度报告.pdf,3
通光线缆,2020年年度报告（已取消）.pdf,2
通光线缆,2020年年度报告（更新后）.pdf,2
隆华科技,2011年年度报告.pdf,1
隆华科技,2012年年度报告.pdf,0
隆华科技,2013年年度报告.pdf,0
隆华科技,2014年年度报告.pdf,1
隆华科技,2015年年度报告（已取消）.pdf,5
隆华科技,2015年年度报告（更新后）.pdf,5
隆华科技,2016年年度报告.pdf,8
隆华科技,2017年年度报告.pdf,9
隆华科技,2018年年度报告.pdf,6
隆华科技,2019年年度报告.pdf,8
隆华科技,2020年年度报告.pdf,3
哈尔斯,2011年年度报告.pdf,0
哈尔斯,2012年年度报告.pdf,0
哈尔斯,2013年年度报告.pdf,1
哈尔斯,2014年年度报告.pdf,3
哈尔斯,2015年年度报告（已取消）.pdf,0
哈尔斯,2015年年度报告（更新后）.pdf,0
哈尔斯,2016年年度报告.pdf,7
哈尔斯,2017年年度报告（已取消）.pdf,3
哈尔斯,2017年年度报告（更新后）.pdf,3
哈尔斯,2018年年度报告.pdf,2
哈尔斯,2019年年度报告.pdf,1
哈尔斯,2020年年度报告.pdf,2
奥佳华,2011年年度报告.pdf,2
奥佳华,2012年年度报告.pdf,0
奥佳华,2013年年度报告.pdf,3
奥佳华,2014年年度报告.pdf,3
奥佳华,2015年年度报告.pdf,3
奥佳华,2016年年度报告.pdf,5
奥佳华,2017年年度报告.pdf,16
奥佳华,2018年年度报告.pdf,9
奥佳华,2019年年度报告.pdf,8
奥佳华,2020年年度报告.pdf,9
京运通,2011年年度报告.pdf,0
京运通,2012年年度报告.pdf,0
京运通,2013年年度报告.pdf,0
京运通,2014年年度报告.pdf,0
京运通,2015年年度报告.pdf,0
京运通,2016年年度报告.pdf,3
京运通,2017年年度报告.pdf,0
京运通,2018年年度报告.pdf,1
京运通,2019年年度报告.pdf,3
京运通,京运通2020年年度报告.pdf,3
新莱应材,2011年年度报告.pdf,1
新莱应材,2012年年度报告.pdf,1
新莱应材,2013年年度报告.pdf,0
新莱应材,2014年年度报告.pdf,0
新莱应材,2015年年度报告.pdf,1
新莱应材,2016年年度报告.pdf,1
新莱应材,2017年年度报告.pdf,7
新莱应材,2018年年度报告（已取消）.pdf,3
新莱应材,2018年年度报告（更新后）.pdf,3
新莱应材,2019年年度报告（已取消）.pdf,2
新莱应材,2019年年度报告（更新后）.pdf,2
新莱应材,2020年年度报告.pdf,3
雅本化学,2011年年度报告.pdf,1
雅本化学,2012年年度报告.pdf,2
雅本化学,2013年年度报告.pdf,2
雅本化学,2014年年度报告.pdf,3
雅本化学,2015年年度报告.pdf,0
雅本化学,2016年年度报告.pdf,1
雅本化学,2017年年度报告（已取消）.pdf,0
雅本化学,2017年年度报告（更新后）.pdf,0
雅本化学,2018年年度报告.pdf,1
雅本化学,2019年年度报告.pdf,0
雅本化学,2020年年度报告.pdf,3
新天科技,2011年年度报告.pdf,21
新天科技,2012年年度报告.pdf,36
新天科技,2013年年度报告.pdf,31
新天科技,2014年年度报告.pdf,40
新天科技,2015年年度报告.pdf,54
新天科技,2016年年度报告.pdf,114
新天科技,2017年年度报告.pdf,86
新天科技,2018年年度报告.pdf,110
新天科技,2019年年度报告.pdf,104
新天科技,2020年年度报告.pdf,115
朗姿股份,2011年年度报告.pdf,0
朗姿股份,2012年年度报告.pdf,0
朗姿股份,2013年年度报告.pdf,0
朗姿股份,2014年年度报告.pdf,3
朗姿股份,2015年年度报告.pdf,5
朗姿股份,2016年年度报告.pdf,0
朗姿股份,2017年年度报告.pdf,5
朗姿股份,2018年年度报告.pdf,7
朗姿股份,2019年年度报告（已取消）.pdf,6
朗姿股份,2019年年度报告（更新后）.pdf,6
朗姿股份,2020年年度报告.pdf,6
东方精工,2011年年度报告（已取消）.pdf,0
东方精工,2011年年度报告（更新后）.pdf,0
东方精工,2012年年度报告.pdf,0
东方精工,2013年年度报告.pdf,2
东方精工,2014年年度报告（已取消）.pdf,31
东方精工,2014年年度报告（更新后）.pdf,31
东方精工,2015年年度报告.pdf,22
东方精工,2016年年度报告.pdf,27
东方精工,2017年年度报告.pdf,29
东方精工,2018年年度报告.pdf,22
东方精工,2019年年度报告.pdf,50
东方精工,2019年年度报告（英文版）.pdf,0
东方精工,2020年年度报告.pdf,44
东方精工,2020年年度报告（英文版）.pdf,0
北玻股份,2011年年度报告.pdf,1
北玻股份,2012年年度报告（已取消）.pdf,0
北玻股份,2012年年度报告（更新后）.pdf,0
北玻股份,2013年年度报告.pdf,0
北玻股份,2014年年度报告.pdf,3
北玻股份,2015年年度报告.pdf,4
北玻股份,2016年年度报告（已取消）.pdf,2
北玻股份,2016年年度报告（更新后）.pdf,2
北玻股份,2017年年度报告.pdf,5
北玻股份,2018年年度报告（已取消）.pdf,1
北玻股份,2018年年度报告（更新后）.pdf,1
北玻股份,2019年年度报告.pdf,4
北玻股份,2020年年度报告.pdf,10
精锻科技,2011年年度报告.pdf,0
精锻科技,2012年年度报告.pdf,0
精锻科技,2013年年度报告.pdf,3
精锻科技,2014年年度报告.pdf,1
精锻科技,2015年年度报告.pdf,6
精锻科技,2016年年度报告（已取消）.pdf,6
精锻科技,2016年年度报告（更新后）.pdf,6
精锻科技,2017年年度报告.pdf,7
精锻科技,2018年年度报告.pdf,4
精锻科技,2019年年度报告.pdf,5
精锻科技,2020年年度报告.pdf,7
仟源医药,2011年年度报告.pdf,2
仟源医药,2012年年度报告.pdf,1
仟源医药,2013年年度报告.pdf,0
仟源医药,2014年年度报告.pdf,0
仟源医药,2015年年度报告.pdf,0
仟源医药,2016年年度报告.pdf,0
仟源医药,2017年年度报告.pdf,2
仟源医药,2018年年度报告.pdf,1
仟源医药,2019年年度报告.pdf,3
仟源医药,2020年年度报告.pdf,3
常山药业,2011年年度报告.pdf,0
常山药业,2012年年度报告.pdf,0
常山药业,2013年年度报告.pdf,0
常山药业,2014年年度报告.pdf,1
常山药业,2015年年度报告（已取消）.pdf,1
常山药业,2015年年度报告（更新后）.pdf,1
常山药业,2016年年度报告.pdf,0
常山药业,2017年年度报告.pdf,0
常山药业,2018年年度报告.pdf,0
常山药业,2019年年度报告.pdf,0
常山药业,2020年年度报告.pdf,0
开山股份,2011年年度报告.pdf,1
开山股份,2012年年度报告.pdf,0
开山股份,2013年年度报告.pdf,0
开山股份,2014年年度报告（已取消）.pdf,0
开山股份,2014年年度报告（更新后）.pdf,0
开山股份,2015年年度报告（已取消）.pdf,1
开山股份,2015年年度报告（更新后）.pdf,1
开山股份,2016年年度报告.pdf,0
开山股份,2017年年度报告.pdf,0
开山股份,2018年年度报告.pdf,0
开山股份,2019年年度报告.pdf,0
开山股份,2020年年度报告.pdf,0
